,Situation,Population,Clusters,Agents,Theta,Epochs,Migration,Time,Cost
0,unbalanced_big_big,2,100,90,0.007853981633974483,10,0.25,0.03662018775939942,2.5571160316467285
1,unbalanced_big_big,2,100,90,0.007853981633974483,10,0.5,0.03417825698852539,2.5285754203796387
2,unbalanced_big_big,2,100,90,0.007853981633974483,10,0.75,0.03418867588043213,2.5571160316467285
3,unbalanced_big_big,2,100,90,0.007853981633974483,20,0.25,0.03314188718795776,2.5283353328704834
4,unbalanced_big_big,2,100,90,0.007853981633974483,20,0.5,0.03407353162765503,2.4094133377075195
5,unbalanced_big_big,2,100,90,0.007853981633974483,20,0.75,0.032861852645874025,2.5571160316467285
6,unbalanced_big_big,2,100,90,0.007853981633974483,50,0.25,0.034372110366821286,2.5571160316467285
7,unbalanced_big_big,2,100,90,0.007853981633974483,50,0.5,0.03424781322479248,2.4523112773895264
8,unbalanced_big_big,2,100,90,0.007853981633974483,50,0.75,0.03522133350372315,2.5571160316467285
9,unbalanced_big_big,2,100,90,0.031415926535897934,10,0.25,0.03471319675445557,2.5571160316467285
10,unbalanced_big_big,2,100,90,0.031415926535897934,10,0.5,0.035308551788330075,2.5098772048950195
11,unbalanced_big_big,2,100,90,0.031415926535897934,10,0.75,0.032608962059020995,2.5571160316467285
12,unbalanced_big_big,2,100,90,0.031415926535897934,20,0.25,0.038622152805328366,2.4829540252685547
13,unbalanced_big_big,2,100,90,0.031415926535897934,20,0.5,0.03971620798110962,2.4739885330200195
14,unbalanced_big_big,2,100,90,0.031415926535897934,20,0.75,0.036502397060394286,2.4906868934631348
15,unbalanced_big_big,2,100,90,0.031415926535897934,50,0.25,0.04754767417907715,2.5571160316467285
16,unbalanced_big_big,2,100,90,0.031415926535897934,50,0.5,0.050117783546447754,2.4520368576049805
17,unbalanced_big_big,2,100,90,0.031415926535897934,50,0.75,0.05377942085266113,2.5571160316467285
18,unbalanced_big_big,2,100,90,0.15707963267948966,10,0.25,0.04506440162658691,2.5571160316467285
19,unbalanced_big_big,2,100,90,0.15707963267948966,10,0.5,0.04746696949005127,2.531157970428467
20,unbalanced_big_big,2,100,90,0.15707963267948966,10,0.75,0.051871728897094724,2.5571160316467285
21,unbalanced_big_big,2,100,90,0.15707963267948966,20,0.25,0.049199604988098146,2.469893217086792
22,unbalanced_big_big,2,100,90,0.15707963267948966,20,0.5,0.05039491653442383,2.4127261638641357
23,unbalanced_big_big,2,100,90,0.15707963267948966,20,0.75,0.04859800338745117,2.519355058670044
24,unbalanced_big_big,2,100,90,0.15707963267948966,50,0.25,0.0471403169631958,2.5571160316467285
25,unbalanced_big_big,2,100,90,0.15707963267948966,50,0.5,0.04671285629272461,2.4095375537872314
26,unbalanced_big_big,2,100,90,0.15707963267948966,50,0.75,0.05710659027099609,2.5571160316467285
27,unbalanced_big_big,5,100,90,0.007853981633974483,10,0.25,0.12023155689239502,2.5571160316467285
28,unbalanced_big_big,5,100,90,0.007853981633974483,10,0.5,0.10765044689178467,2.5571160316467285
29,unbalanced_big_big,5,100,90,0.007853981633974483,10,0.75,0.11257915496826172,2.5571160316467285
30,unbalanced_big_big,5,100,90,0.007853981633974483,20,0.25,0.10798256397247315,2.48439621925354
31,unbalanced_big_big,5,100,90,0.007853981633974483,20,0.5,0.10632072687149048,2.5571160316467285
32,unbalanced_big_big,5,100,90,0.007853981633974483,20,0.75,0.10616360902786255,2.438382387161255
33,unbalanced_big_big,5,100,90,0.007853981633974483,50,0.25,0.10623108386993409,2.5571160316467285
34,unbalanced_big_big,5,100,90,0.007853981633974483,50,0.5,0.10527390003204345,2.435020685195923
35,unbalanced_big_big,5,100,90,0.007853981633974483,50,0.75,0.10833778858184814,2.5571160316467285
36,unbalanced_big_big,5,100,90,0.031415926535897934,10,0.25,0.10671885013580322,2.5571160316467285
37,unbalanced_big_big,5,100,90,0.031415926535897934,10,0.5,0.10730500221252441,2.5571160316467285
38,unbalanced_big_big,5,100,90,0.031415926535897934,10,0.75,0.10657494068145752,2.5571160316467285
39,unbalanced_big_big,5,100,90,0.031415926535897934,20,0.25,0.11871603727340699,2.5571160316467285
40,unbalanced_big_big,5,100,90,0.031415926535897934,20,0.5,0.10792678594589233,2.5073390007019043
41,unbalanced_big_big,5,100,90,0.031415926535897934,20,0.75,0.10910841226577758,2.431894540786743
42,unbalanced_big_big,5,100,90,0.031415926535897934,50,0.25,0.11986916542053222,2.5571160316467285
43,unbalanced_big_big,5,100,90,0.031415926535897934,50,0.5,0.11640745162963867,2.472052812576294
44,unbalanced_big_big,5,100,90,0.031415926535897934,50,0.75,0.11626041412353516,2.5571160316467285
45,unbalanced_big_big,5,100,90,0.15707963267948966,10,0.25,0.10938386917114258,2.5571160316467285
46,unbalanced_big_big,5,100,90,0.15707963267948966,10,0.5,0.11358079910278321,2.5571160316467285
47,unbalanced_big_big,5,100,90,0.15707963267948966,10,0.75,0.11266577243804932,2.5571160316467285
48,unbalanced_big_big,5,100,90,0.15707963267948966,20,0.25,0.11790955066680908,2.5571160316467285
49,unbalanced_big_big,5,100,90,0.15707963267948966,20,0.5,0.13090533018112183,2.5571160316467285
50,unbalanced_big_big,5,100,90,0.15707963267948966,20,0.75,0.10762975215911866,2.4784698486328125
51,unbalanced_big_big,5,100,90,0.15707963267948966,50,0.25,0.11103406429290771,2.5571160316467285
52,unbalanced_big_big,5,100,90,0.15707963267948966,50,0.5,0.11209112167358398,2.4867818355560303
53,unbalanced_big_big,5,100,90,0.15707963267948966,50,0.75,0.12461779117584229,2.5571160316467285
54,unbalanced_big_big,10,100,90,0.007853981633974483,10,0.25,0.25701849460601806,2.5571160316467285
55,unbalanced_big_big,10,100,90,0.007853981633974483,10,0.5,0.2552833557128906,2.5571160316467285
56,unbalanced_big_big,10,100,90,0.007853981633974483,10,0.75,0.2604238748550415,2.5571160316467285
57,unbalanced_big_big,10,100,90,0.007853981633974483,20,0.25,0.25786843299865725,2.5571160316467285
58,unbalanced_big_big,10,100,90,0.007853981633974483,20,0.5,0.24614448547363282,2.533311605453491
59,unbalanced_big_big,10,100,90,0.007853981633974483,20,0.75,0.22674217224121093,2.355884313583374
60,unbalanced_big_big,10,100,90,0.007853981633974483,50,0.25,0.22584911346435546,2.5571160316467285
61,unbalanced_big_big,10,100,90,0.007853981633974483,50,0.5,0.25210066318511964,2.4577834606170654
62,unbalanced_big_big,10,100,90,0.007853981633974483,50,0.75,0.2544673442840576,2.5571160316467285
63,unbalanced_big_big,10,100,90,0.031415926535897934,10,0.25,0.2453597068786621,2.5571160316467285
64,unbalanced_big_big,10,100,90,0.031415926535897934,10,0.5,0.22579455375671387,2.5571160316467285
65,unbalanced_big_big,10,100,90,0.031415926535897934,10,0.75,0.2233961820602417,2.5571160316467285
66,unbalanced_big_big,10,100,90,0.031415926535897934,20,0.25,0.2242434024810791,2.431663990020752
67,unbalanced_big_big,10,100,90,0.031415926535897934,20,0.5,0.23714507818222047,2.5571160316467285
68,unbalanced_big_big,10,100,90,0.031415926535897934,20,0.75,0.2360052227973938,2.5180716514587402
69,unbalanced_big_big,10,100,90,0.031415926535897934,50,0.25,0.26456000328063967,2.5571160316467285
70,unbalanced_big_big,10,100,90,0.031415926535897934,50,0.5,0.25120981216430666,2.449331521987915
71,unbalanced_big_big,10,100,90,0.031415926535897934,50,0.75,0.2548378562927246,2.5571160316467285
72,unbalanced_big_big,10,100,90,0.15707963267948966,10,0.25,0.28234238624572755,2.5571160316467285
73,unbalanced_big_big,10,100,90,0.15707963267948966,10,0.5,0.29244441986083985,2.5571160316467285
74,unbalanced_big_big,10,100,90,0.15707963267948966,10,0.75,0.3038478851318359,2.5571160316467285
75,unbalanced_big_big,10,100,90,0.15707963267948966,20,0.25,0.25779070854187014,2.5571160316467285
76,unbalanced_big_big,10,100,90,0.15707963267948966,20,0.5,0.25878424644470216,2.5571160316467285
77,unbalanced_big_big,10,100,90,0.15707963267948966,20,0.75,0.2748880386352539,2.4138100147247314
78,unbalanced_big_big,10,100,90,0.15707963267948966,50,0.25,0.26548095703125,2.5571160316467285
79,unbalanced_big_big,10,100,90,0.15707963267948966,50,0.5,0.2521109914779663,2.445852041244507
80,unbalanced_big_big,10,100,90,0.15707963267948966,50,0.75,0.2566313123703003,2.5571160316467285
81,unbalanced_small_small,2,8,2,0.007853981633974483,10,0.25,0.0026929378509521484,0.4611772298812866
82,unbalanced_small_small,2,8,2,0.007853981633974483,10,0.5,0.002393484115600586,0.07808468490839005
83,unbalanced_small_small,2,8,2,0.007853981633974483,10,0.75,0.0024933099746704103,0.4611772298812866
84,unbalanced_small_small,2,8,2,0.007853981633974483,20,0.25,0.0024434208869934084,0.07808468490839005
85,unbalanced_small_small,2,8,2,0.007853981633974483,20,0.5,0.002393651008605957,0.09411505609750748
86,unbalanced_small_small,2,8,2,0.007853981633974483,20,0.75,0.002144193649291992,0.08369387686252594
87,unbalanced_small_small,2,8,2,0.007853981633974483,50,0.25,0.0022739696502685545,0.4611772298812866
88,unbalanced_small_small,2,8,2,0.007853981633974483,50,0.5,0.0022711420059204103,0.08850586414337158
89,unbalanced_small_small,2,8,2,0.007853981633974483,50,0.75,0.0020224905014038087,0.4611772298812866
90,unbalanced_small_small,2,8,2,0.031415926535897934,10,0.25,0.0018948793411254882,0.4611772298812866
91,unbalanced_small_small,2,8,2,0.031415926535897934,10,0.5,0.002097821235656738,0.13789819180965424
92,unbalanced_small_small,2,8,2,0.031415926535897934,10,0.75,0.0017985820770263672,0.4611772298812866
93,unbalanced_small_small,2,8,2,0.031415926535897934,20,0.25,0.0020462155342102053,0.09136846661567688
94,unbalanced_small_small,2,8,2,0.031415926535897934,20,0.5,0.0018965482711791992,0.10178964585065842
95,unbalanced_small_small,2,8,2,0.031415926535897934,20,0.75,0.00197678804397583,0.09136846661567688
96,unbalanced_small_small,2,8,2,0.031415926535897934,50,0.25,0.0018560028076171876,0.4611772298812866
97,unbalanced_small_small,2,8,2,0.031415926535897934,50,0.5,0.0017752599716186522,0.08850586414337158
98,unbalanced_small_small,2,8,2,0.031415926535897934,50,0.75,0.0015296602249145507,0.4611772298812866
99,unbalanced_small_small,2,8,2,0.15707963267948966,10,0.25,0.0016771554946899414,0.4611772298812866
100,unbalanced_small_small,2,8,2,0.15707963267948966,10,0.5,0.0018949508666992188,0.13789819180965424
101,unbalanced_small_small,2,8,2,0.15707963267948966,10,0.75,0.0015991687774658202,0.4611772298812866
102,unbalanced_small_small,2,8,2,0.15707963267948966,20,0.25,0.0016953229904174804,0.07808468490839005
103,unbalanced_small_small,2,8,2,0.15707963267948966,20,0.5,0.0017469048500061036,0.08369387686252594
104,unbalanced_small_small,2,8,2,0.15707963267948966,20,0.75,0.0016471982002258302,0.10178964585065842
105,unbalanced_small_small,2,8,2,0.15707963267948966,50,0.25,0.0016463565826416015,0.4611772298812866
106,unbalanced_small_small,2,8,2,0.15707963267948966,50,0.5,0.0017360067367553711,0.08850586414337158
107,unbalanced_small_small,2,8,2,0.15707963267948966,50,0.75,0.0017690849304199219,0.4611772298812866
108,unbalanced_small_small,5,8,2,0.007853981633974483,10,0.25,0.002744436264038086,0.4611772298812866
109,unbalanced_small_small,5,8,2,0.007853981633974483,10,0.5,0.002991914749145508,0.16266322135925293
110,unbalanced_small_small,5,8,2,0.007853981633974483,10,0.75,0.0024966001510620117,0.4611772298812866
111,unbalanced_small_small,5,8,2,0.007853981633974483,20,0.25,0.0025893568992614744,0.08850586414337158
112,unbalanced_small_small,5,8,2,0.007853981633974483,20,0.5,0.002654421329498291,0.10178964585065842
113,unbalanced_small_small,5,8,2,0.007853981633974483,20,0.75,0.002558135986328125,0.09411505609750748
114,unbalanced_small_small,5,8,2,0.007853981633974483,50,0.25,0.0025644922256469727,0.4611772298812866
115,unbalanced_small_small,5,8,2,0.007853981633974483,50,0.5,0.0025381040573120117,0.08369387686252594
116,unbalanced_small_small,5,8,2,0.007853981633974483,50,0.75,0.002421441078186035,0.4611772298812866
117,unbalanced_small_small,5,8,2,0.031415926535897934,10,0.25,0.00283203125,0.4611772298812866
118,unbalanced_small_small,5,8,2,0.031415926535897934,10,0.5,0.0030916929244995117,0.08850586414337158
119,unbalanced_small_small,5,8,2,0.031415926535897934,10,0.75,0.002796173095703125,0.4611772298812866
120,unbalanced_small_small,5,8,2,0.031415926535897934,20,0.25,0.002950429916381836,0.10178964585065842
121,unbalanced_small_small,5,8,2,0.031415926535897934,20,0.5,0.002965235710144043,0.09411505609750748
122,unbalanced_small_small,5,8,2,0.031415926535897934,20,0.75,0.002557969093322754,0.09411505609750748
123,unbalanced_small_small,5,8,2,0.031415926535897934,50,0.25,0.002417793273925781,0.4611772298812866
124,unbalanced_small_small,5,8,2,0.031415926535897934,50,0.5,0.002837824821472168,0.08369387686252594
125,unbalanced_small_small,5,8,2,0.031415926535897934,50,0.75,0.002765374183654785,0.4611772298812866
126,unbalanced_small_small,5,8,2,0.15707963267948966,10,0.25,0.0025961637496948243,0.4611772298812866
127,unbalanced_small_small,5,8,2,0.15707963267948966,10,0.5,0.002692985534667969,0.10178964585065842
128,unbalanced_small_small,5,8,2,0.15707963267948966,10,0.75,0.002695918083190918,0.4611772298812866
129,unbalanced_small_small,5,8,2,0.15707963267948966,20,0.25,0.0026943802833557127,0.09136846661567688
130,unbalanced_small_small,5,8,2,0.15707963267948966,20,0.5,0.002843952178955078,0.1101178452372551
131,unbalanced_small_small,5,8,2,0.15707963267948966,20,0.75,0.0028934121131896974,0.1101178452372551
132,unbalanced_small_small,5,8,2,0.15707963267948966,50,0.25,0.00279325008392334,0.4611772298812866
133,unbalanced_small_small,5,8,2,0.15707963267948966,50,0.5,0.0028329896926879883,0.10324868559837341
134,unbalanced_small_small,5,8,2,0.15707963267948966,50,0.75,0.0030318737030029298,0.4611772298812866
135,unbalanced_small_small,10,8,2,0.007853981633974483,10,0.25,0.005285859107971191,0.4611772298812866
136,unbalanced_small_small,10,8,2,0.007853981633974483,10,0.5,0.005983781814575195,0.16080765426158905
137,unbalanced_small_small,10,8,2,0.007853981633974483,10,0.75,0.005086421966552734,0.4611772298812866
138,unbalanced_small_small,10,8,2,0.007853981633974483,20,0.25,0.005435490608215332,0.1489274501800537
139,unbalanced_small_small,10,8,2,0.007853981633974483,20,0.5,0.004971325397491455,0.08369387686252594
140,unbalanced_small_small,10,8,2,0.007853981633974483,20,0.75,0.005159294605255127,0.07808468490839005
141,unbalanced_small_small,10,8,2,0.007853981633974483,50,0.25,0.005619578361511231,0.4611772298812866
142,unbalanced_small_small,10,8,2,0.007853981633974483,50,0.5,0.004947314262390137,0.09136846661567688
143,unbalanced_small_small,10,8,2,0.007853981633974483,50,0.75,0.004877686500549316,0.4611772298812866
144,unbalanced_small_small,10,8,2,0.031415926535897934,10,0.25,0.004763555526733398,0.4611772298812866
145,unbalanced_small_small,10,8,2,0.031415926535897934,10,0.5,0.004958820343017578,0.1572556495666504
146,unbalanced_small_small,10,8,2,0.031415926535897934,10,0.75,0.004975509643554687,0.4611772298812866
147,unbalanced_small_small,10,8,2,0.031415926535897934,20,0.25,0.004646432399749756,0.08369387686252594
148,unbalanced_small_small,10,8,2,0.031415926535897934,20,0.5,0.0044080853462219235,0.08850586414337158
149,unbalanced_small_small,10,8,2,0.031415926535897934,20,0.75,0.004064047336578369,0.1101178452372551
150,unbalanced_small_small,10,8,2,0.031415926535897934,50,0.25,0.004417424201965332,0.4611772298812866
151,unbalanced_small_small,10,8,2,0.031415926535897934,50,0.5,0.004520931243896484,0.07808468490839005
152,unbalanced_small_small,10,8,2,0.031415926535897934,50,0.75,0.004778952598571778,0.4611772298812866
153,unbalanced_small_small,10,8,2,0.15707963267948966,10,0.25,0.0053567647933959964,0.4611772298812866
154,unbalanced_small_small,10,8,2,0.15707963267948966,10,0.5,0.004886937141418457,0.16266322135925293
155,unbalanced_small_small,10,8,2,0.15707963267948966,10,0.75,0.004500198364257813,0.4611772298812866
156,unbalanced_small_small,10,8,2,0.15707963267948966,20,0.25,0.005011701583862304,0.1572556495666504
157,unbalanced_small_small,10,8,2,0.15707963267948966,20,0.5,0.004560983180999756,0.09136846661567688
158,unbalanced_small_small,10,8,2,0.15707963267948966,20,0.75,0.00454244613647461,0.08369387686252594
159,unbalanced_small_small,10,8,2,0.15707963267948966,50,0.25,0.0046540403366088865,0.4611772298812866
160,unbalanced_small_small,10,8,2,0.15707963267948966,50,0.5,0.004289741516113281,0.08850586414337158
161,unbalanced_small_small,10,8,2,0.15707963267948966,50,0.75,0.0044573450088500974,0.4611772298812866
162,unbalanced_big_small,2,100,2,0.007853981633974483,10,0.25,0.0016956806182861328,0.05635892227292061
163,unbalanced_big_small,2,100,2,0.007853981633974483,10,0.5,0.0015959024429321289,0.045884519815444946
164,unbalanced_big_small,2,100,2,0.007853981633974483,10,0.75,0.0017953872680664062,0.05635892227292061
165,unbalanced_big_small,2,100,2,0.007853981633974483,20,0.25,0.0017470717430114746,0.022893523797392845
166,unbalanced_big_small,2,100,2,0.007853981633974483,20,0.5,0.0017448663711547852,0.017027784138917923
167,unbalanced_big_small,2,100,2,0.007853981633974483,20,0.75,0.001747286319732666,0.02520803175866604
168,unbalanced_big_small,2,100,2,0.007853981633974483,50,0.25,0.0017182540893554688,0.05635892227292061
169,unbalanced_big_small,2,100,2,0.007853981633974483,50,0.5,0.0015200424194335939,0.015118976123631
170,unbalanced_big_small,2,100,2,0.007853981633974483,50,0.75,0.0014179801940917968,0.05635892227292061
171,unbalanced_big_small,2,100,2,0.031415926535897934,10,0.25,0.001729130744934082,0.05635892227292061
172,unbalanced_big_small,2,100,2,0.031415926535897934,10,0.5,0.0017984628677368164,0.029434023424983025
173,unbalanced_big_small,2,100,2,0.031415926535897934,10,0.75,0.0014996767044067384,0.05635892227292061
174,unbalanced_big_small,2,100,2,0.031415926535897934,20,0.25,0.001697242259979248,0.028498101979494095
175,unbalanced_big_small,2,100,2,0.031415926535897934,20,0.5,0.0016970872879028321,0.012632382102310658
176,unbalanced_big_small,2,100,2,0.031415926535897934,20,0.75,0.0017468690872192382,0.011481794528663158
177,unbalanced_big_small,2,100,2,0.031415926535897934,50,0.25,0.001693263053894043,0.05635892227292061
178,unbalanced_big_small,2,100,2,0.031415926535897934,50,0.5,0.0015932130813598633,0.016884343698620796
179,unbalanced_big_small,2,100,2,0.031415926535897934,50,0.75,0.0014758348464965821,0.05635892227292061
180,unbalanced_big_small,2,100,2,0.15707963267948966,10,0.25,0.0017354726791381837,0.05635892227292061
181,unbalanced_big_small,2,100,2,0.15707963267948966,10,0.5,0.0018985986709594727,0.019845908507704735
182,unbalanced_big_small,2,100,2,0.15707963267948966,10,0.75,0.0016986608505249023,0.05635892227292061
183,unbalanced_big_small,2,100,2,0.15707963267948966,20,0.25,0.0018451929092407227,0.004198894836008549
184,unbalanced_big_small,2,100,2,0.15707963267948966,20,0.5,0.0016970515251159668,0.019431155174970627
185,unbalanced_big_small,2,100,2,0.15707963267948966,20,0.75,0.0016970157623291016,0.020414838567376137
186,unbalanced_big_small,2,100,2,0.15707963267948966,50,0.25,0.001724853515625,0.05635892227292061
187,unbalanced_big_small,2,100,2,0.15707963267948966,50,0.5,0.0015564823150634765,0.008006976917386055
188,unbalanced_big_small,2,100,2,0.15707963267948966,50,0.75,0.0016716241836547852,0.05635892227292061
189,unbalanced_big_small,5,100,2,0.007853981633974483,10,0.25,0.003127455711364746,0.05635892227292061
190,unbalanced_big_small,5,100,2,0.007853981633974483,10,0.5,0.002896285057067871,0.05635892227292061
191,unbalanced_big_small,5,100,2,0.007853981633974483,10,0.75,0.003095388412475586,0.05635892227292061
192,unbalanced_big_small,5,100,2,0.007853981633974483,20,0.25,0.0030323147773742678,0.017786558717489243
193,unbalanced_big_small,5,100,2,0.007853981633974483,20,0.5,0.003019976615905762,0.024792669340968132
194,unbalanced_big_small,5,100,2,0.007853981633974483,20,0.75,0.0028691172599792482,0.0123220756649971
195,unbalanced_big_small,5,100,2,0.007853981633974483,50,0.25,0.002647995948791504,0.05635892227292061
196,unbalanced_big_small,5,100,2,0.007853981633974483,50,0.5,0.0029947185516357422,0.020087286829948425
197,unbalanced_big_small,5,100,2,0.007853981633974483,50,0.75,0.0030724430084228516,0.05635892227292061
198,unbalanced_big_small,5,100,2,0.031415926535897934,10,0.25,0.0029920339584350586,0.05635892227292061
199,unbalanced_big_small,5,100,2,0.031415926535897934,10,0.5,0.0030949592590332033,0.05635892227292061
200,unbalanced_big_small,5,100,2,0.031415926535897934,10,0.75,0.003094935417175293,0.05635892227292061
201,unbalanced_big_small,5,100,2,0.031415926535897934,20,0.25,0.003173792362213135,0.023631663993000984
202,unbalanced_big_small,5,100,2,0.031415926535897934,20,0.5,0.002339041233062744,0.03731285780668259
203,unbalanced_big_small,5,100,2,0.031415926535897934,20,0.75,0.002386140823364258,0.02456195279955864
204,unbalanced_big_small,5,100,2,0.031415926535897934,50,0.25,0.0029151010513305663,0.05635892227292061
205,unbalanced_big_small,5,100,2,0.031415926535897934,50,0.5,0.0028251314163208006,0.010926776565611362
206,unbalanced_big_small,5,100,2,0.031415926535897934,50,0.75,0.00276827335357666,0.05635892227292061
207,unbalanced_big_small,5,100,2,0.15707963267948966,10,0.25,0.0030246734619140624,0.05635892227292061
208,unbalanced_big_small,5,100,2,0.15707963267948966,10,0.5,0.0032942771911621095,0.022532958537340164
209,unbalanced_big_small,5,100,2,0.15707963267948966,10,0.75,0.002991914749145508,0.05635892227292061
210,unbalanced_big_small,5,100,2,0.15707963267948966,20,0.25,0.0033136487007141115,0.010543778538703918
211,unbalanced_big_small,5,100,2,0.15707963267948966,20,0.5,0.0030999183654785156,0.033661264926195145
212,unbalanced_big_small,5,100,2,0.15707963267948966,20,0.75,0.003153347969055176,0.043619006872177124
213,unbalanced_big_small,5,100,2,0.15707963267948966,50,0.25,0.0031847858428955076,0.05635892227292061
214,unbalanced_big_small,5,100,2,0.15707963267948966,50,0.5,0.0027181196212768557,0.013998202979564667
215,unbalanced_big_small,5,100,2,0.15707963267948966,50,0.75,0.002946634292602539,0.05635892227292061
216,unbalanced_big_small,10,100,2,0.007853981633974483,10,0.25,0.004733395576477051,0.05635892227292061
217,unbalanced_big_small,10,100,2,0.007853981633974483,10,0.5,0.005565857887268067,0.033660128712654114
218,unbalanced_big_small,10,100,2,0.007853981633974483,10,0.75,0.006657695770263672,0.05635892227292061
219,unbalanced_big_small,10,100,2,0.007853981633974483,20,0.25,0.006682205200195313,0.038310132920742035
220,unbalanced_big_small,10,100,2,0.007853981633974483,20,0.5,0.0067321181297302244,0.025352612137794495
221,unbalanced_big_small,10,100,2,0.007853981633974483,20,0.75,0.0071307897567749025,0.006918583996593952
222,unbalanced_big_small,10,100,2,0.007853981633974483,50,0.25,0.007589554786682129,0.05635892227292061
223,unbalanced_big_small,10,100,2,0.007853981633974483,50,0.5,0.00794628143310547,0.020315546542406082
224,unbalanced_big_small,10,100,2,0.007853981633974483,50,0.75,0.007707676887512207,0.05635892227292061
225,unbalanced_big_small,10,100,2,0.031415926535897934,10,0.25,0.007265925407409668,0.05635892227292061
226,unbalanced_big_small,10,100,2,0.031415926535897934,10,0.5,0.007459235191345215,0.05635892227292061
227,unbalanced_big_small,10,100,2,0.031415926535897934,10,0.75,0.007760071754455566,0.05635892227292061
228,unbalanced_big_small,10,100,2,0.031415926535897934,20,0.25,0.009033763408660888,0.010730264708399773
229,unbalanced_big_small,10,100,2,0.031415926535897934,20,0.5,0.007376968860626221,0.04154655709862709
230,unbalanced_big_small,10,100,2,0.031415926535897934,20,0.75,0.006942629814147949,0.005895833484828472
231,unbalanced_big_small,10,100,2,0.031415926535897934,50,0.25,0.007418904304504394,0.05635892227292061
232,unbalanced_big_small,10,100,2,0.031415926535897934,50,0.5,0.007964649200439454,0.015641462057828903
233,unbalanced_big_small,10,100,2,0.031415926535897934,50,0.75,0.007862153053283692,0.05635892227292061
234,unbalanced_big_small,10,100,2,0.15707963267948966,10,0.25,0.008876180648803711,0.05635892227292061
235,unbalanced_big_small,10,100,2,0.15707963267948966,10,0.5,0.00795447826385498,0.016777321696281433
236,unbalanced_big_small,10,100,2,0.15707963267948966,10,0.75,0.007081127166748047,0.05635892227292061
237,unbalanced_big_small,10,100,2,0.15707963267948966,20,0.25,0.008249020576477051,0.00892950501292944
238,unbalanced_big_small,10,100,2,0.15707963267948966,20,0.5,0.008708000183105469,0.021160956472158432
239,unbalanced_big_small,10,100,2,0.15707963267948966,20,0.75,0.007918310165405274,0.03350798785686493
240,unbalanced_big_small,10,100,2,0.15707963267948966,50,0.25,0.008084831237792968,0.05635892227292061
241,unbalanced_big_small,10,100,2,0.15707963267948966,50,0.5,0.007680659294128418,0.0181936863809824
242,unbalanced_big_small,10,100,2,0.15707963267948966,50,0.75,0.007721061706542969,0.05635892227292061
243,unbalanced_small_big,2,8,5,0.007853981633974483,10,0.25,0.003724479675292969,0.5850815176963806
244,unbalanced_small_big,2,8,5,0.007853981633974483,10,0.5,0.00439157485961914,0.44776907563209534
245,unbalanced_small_big,2,8,5,0.007853981633974483,10,0.75,0.004089045524597168,0.5850815176963806
246,unbalanced_small_big,2,8,5,0.007853981633974483,20,0.25,0.0035467267036437987,0.39843854308128357
247,unbalanced_small_big,2,8,5,0.007853981633974483,20,0.5,0.00345611572265625,0.33686527609825134
248,unbalanced_small_big,2,8,5,0.007853981633974483,20,0.75,0.003192150592803955,0.34584081172943115
249,unbalanced_small_big,2,8,5,0.007853981633974483,50,0.25,0.003136887550354004,0.5850815176963806
250,unbalanced_small_big,2,8,5,0.007853981633974483,50,0.5,0.0029103612899780275,0.32423967123031616
251,unbalanced_small_big,2,8,5,0.007853981633974483,50,0.75,0.002545161247253418,0.5850815176963806
252,unbalanced_small_big,2,8,5,0.031415926535897934,10,0.25,0.0027595996856689454,0.5850815176963806
253,unbalanced_small_big,2,8,5,0.031415926535897934,10,0.5,0.0028681039810180666,0.3350158929824829
254,unbalanced_small_big,2,8,5,0.031415926535897934,10,0.75,0.0028952360153198242,0.5850815176963806
255,unbalanced_small_big,2,8,5,0.031415926535897934,20,0.25,0.002856910228729248,0.4822859764099121
256,unbalanced_small_big,2,8,5,0.031415926535897934,20,0.5,0.002846062183380127,0.47968775033950806
257,unbalanced_small_big,2,8,5,0.031415926535897934,20,0.75,0.002732884883880615,0.40707913041114807
258,unbalanced_small_big,2,8,5,0.031415926535897934,50,0.25,0.0027626228332519533,0.5850815176963806
259,unbalanced_small_big,2,8,5,0.031415926535897934,50,0.5,0.0024910259246826174,0.35524487495422363
260,unbalanced_small_big,2,8,5,0.031415926535897934,50,0.75,0.002463827133178711,0.5850815176963806
261,unbalanced_small_big,2,8,5,0.15707963267948966,10,0.25,0.002732110023498535,0.5850815176963806
262,unbalanced_small_big,2,8,5,0.15707963267948966,10,0.5,0.002692699432373047,0.4753381311893463
263,unbalanced_small_big,2,8,5,0.15707963267948966,10,0.75,0.002796626091003418,0.5850815176963806
264,unbalanced_small_big,2,8,5,0.15707963267948966,20,0.25,0.0026927471160888674,0.35865843296051025
265,unbalanced_small_big,2,8,5,0.15707963267948966,20,0.5,0.002642917633056641,0.35873284935951233
266,unbalanced_small_big,2,8,5,0.15707963267948966,20,0.75,0.0027240395545959474,0.41654929518699646
267,unbalanced_small_big,2,8,5,0.15707963267948966,50,0.25,0.0027886152267456053,0.5850815176963806
268,unbalanced_small_big,2,8,5,0.15707963267948966,50,0.5,0.0025973033905029295,0.41421401500701904
269,unbalanced_small_big,2,8,5,0.15707963267948966,50,0.75,0.002499518394470215,0.5850815176963806
270,unbalanced_small_big,5,8,5,0.007853981633974483,10,0.25,0.004259371757507324,0.5850815176963806
271,unbalanced_small_big,5,8,5,0.007853981633974483,10,0.5,0.005221152305603027,0.4306139349937439
272,unbalanced_small_big,5,8,5,0.007853981633974483,10,0.75,0.0058088541030883786,0.5850815176963806
273,unbalanced_small_big,5,8,5,0.007853981633974483,20,0.25,0.005156826972961426,0.39189982414245605
274,unbalanced_small_big,5,8,5,0.007853981633974483,20,0.5,0.004867398738861084,0.40413111448287964
275,unbalanced_small_big,5,8,5,0.007853981633974483,20,0.75,0.004643678665161133,0.4483387768268585
276,unbalanced_small_big,5,8,5,0.007853981633974483,50,0.25,0.004814157485961914,0.5850815176963806
277,unbalanced_small_big,5,8,5,0.007853981633974483,50,0.5,0.005104317665100098,0.3827931582927704
278,unbalanced_small_big,5,8,5,0.007853981633974483,50,0.75,0.0051439332962036136,0.5850815176963806
279,unbalanced_small_big,5,8,5,0.031415926535897934,10,0.25,0.005386042594909668,0.5850815176963806
280,unbalanced_small_big,5,8,5,0.031415926535897934,10,0.5,0.0052861452102661135,0.3264648914337158
281,unbalanced_small_big,5,8,5,0.031415926535897934,10,0.75,0.0053855180740356445,0.5850815176963806
282,unbalanced_small_big,5,8,5,0.031415926535897934,20,0.25,0.005735933780670166,0.4031570553779602
283,unbalanced_small_big,5,8,5,0.031415926535897934,20,0.5,0.005834496021270752,0.34710371494293213
284,unbalanced_small_big,5,8,5,0.031415926535897934,20,0.75,0.005611979961395263,0.4171586036682129
285,unbalanced_small_big,5,8,5,0.031415926535897934,50,0.25,0.005757346153259278,0.5850815176963806
286,unbalanced_small_big,5,8,5,0.031415926535897934,50,0.5,0.005596928596496582,0.38486286997795105
287,unbalanced_small_big,5,8,5,0.031415926535897934,50,0.75,0.005479159355163574,0.5850815176963806
288,unbalanced_small_big,5,8,5,0.15707963267948966,10,0.25,0.0062866687774658205,0.5850815176963806
289,unbalanced_small_big,5,8,5,0.15707963267948966,10,0.5,0.005588436126708984,0.4785075783729553
290,unbalanced_small_big,5,8,5,0.15707963267948966,10,0.75,0.005285787582397461,0.5850815176963806
291,unbalanced_small_big,5,8,5,0.15707963267948966,20,0.25,0.005884253978729248,0.3743496835231781
292,unbalanced_small_big,5,8,5,0.15707963267948966,20,0.5,0.0059357166290283205,0.4524548649787903
293,unbalanced_small_big,5,8,5,0.15707963267948966,20,0.75,0.005686843395233154,0.41090503334999084
294,unbalanced_small_big,5,8,5,0.15707963267948966,50,0.25,0.006143579483032227,0.5850815176963806
295,unbalanced_small_big,5,8,5,0.15707963267948966,50,0.5,0.005745310783386231,0.4099734425544739
296,unbalanced_small_big,5,8,5,0.15707963267948966,50,0.75,0.005685501098632813,0.5850815176963806
297,unbalanced_small_big,10,8,5,0.007853981633974483,10,0.25,0.009477758407592773,0.5850815176963806
298,unbalanced_small_big,10,8,5,0.007853981633974483,10,0.5,0.009677672386169433,0.37006187438964844
299,unbalanced_small_big,10,8,5,0.007853981633974483,10,0.75,0.009574294090270996,0.5850815176963806
300,unbalanced_small_big,10,8,5,0.007853981633974483,20,0.25,0.009474623203277587,0.3979460597038269
301,unbalanced_small_big,10,8,5,0.007853981633974483,20,0.5,0.009484124183654786,0.4592222571372986
302,unbalanced_small_big,10,8,5,0.007853981633974483,20,0.75,0.010132253170013428,0.45013049244880676
303,unbalanced_small_big,10,8,5,0.007853981633974483,50,0.25,0.01021632194519043,0.5850815176963806
304,unbalanced_small_big,10,8,5,0.007853981633974483,50,0.5,0.011602129936218262,0.3489048480987549
305,unbalanced_small_big,10,8,5,0.007853981633974483,50,0.75,0.010227255821228028,0.5850815176963806
306,unbalanced_small_big,10,8,5,0.031415926535897934,10,0.25,0.010375452041625977,0.5850815176963806
307,unbalanced_small_big,10,8,5,0.031415926535897934,10,0.5,0.010943174362182617,0.5850815176963806
308,unbalanced_small_big,10,8,5,0.031415926535897934,10,0.75,0.011771702766418457,0.5850815176963806
309,unbalanced_small_big,10,8,5,0.031415926535897934,20,0.25,0.010254442691802979,0.43812131881713867
310,unbalanced_small_big,10,8,5,0.031415926535897934,20,0.5,0.010132241249084472,0.3311850428581238
311,unbalanced_small_big,10,8,5,0.031415926535897934,20,0.75,0.010368001461029053,0.4663031995296478
312,unbalanced_small_big,10,8,5,0.031415926535897934,50,0.25,0.012348027229309081,0.5850815176963806
313,unbalanced_small_big,10,8,5,0.031415926535897934,50,0.5,0.01161353588104248,0.3838571310043335
314,unbalanced_small_big,10,8,5,0.031415926535897934,50,0.75,0.010167341232299804,0.5850815176963806
315,unbalanced_small_big,10,8,5,0.15707963267948966,10,0.25,0.010499668121337891,0.5850815176963806
316,unbalanced_small_big,10,8,5,0.15707963267948966,10,0.5,0.009768962860107422,0.44226571917533875
317,unbalanced_small_big,10,8,5,0.15707963267948966,10,0.75,0.009557819366455078,0.5850815176963806
318,unbalanced_small_big,10,8,5,0.15707963267948966,20,0.25,0.010375845432281493,0.35773730278015137
319,unbalanced_small_big,10,8,5,0.15707963267948966,20,0.5,0.010670983791351318,0.4041593074798584
320,unbalanced_small_big,10,8,5,0.15707963267948966,20,0.75,0.01029653549194336,0.46838849782943726
321,unbalanced_small_big,10,8,5,0.15707963267948966,50,0.25,0.010717010498046875,0.5850815176963806
322,unbalanced_small_big,10,8,5,0.15707963267948966,50,0.5,0.010013437271118164,0.4048319458961487
323,unbalanced_small_big,10,8,5,0.15707963267948966,50,0.75,0.0108394193649292,0.5850815176963806
324,balanced,2,10,10,0.007853981633974483,10,0.25,0.004345536231994629,1.3792269229888916
325,balanced,2,10,10,0.007853981633974483,10,0.5,0.004881620407104492,1.1386380195617676
326,balanced,2,10,10,0.007853981633974483,10,0.75,0.004036998748779297,1.3792269229888916
327,balanced,2,10,10,0.007853981633974483,20,0.25,0.004476189613342285,0.9960616827011108
328,balanced,2,10,10,0.007853981633974483,20,0.5,0.0038660526275634765,1.092284917831421
329,balanced,2,10,10,0.007853981633974483,20,0.75,0.0042689919471740724,1.0493566989898682
330,balanced,2,10,10,0.007853981633974483,50,0.25,0.0043634939193725585,1.3792269229888916
331,balanced,2,10,10,0.007853981633974483,50,0.5,0.004204058647155761,1.0635638236999512
332,balanced,2,10,10,0.007853981633974483,50,0.75,0.00414546012878418,1.3792269229888916
333,balanced,2,10,10,0.031415926535897934,10,0.25,0.003906679153442383,1.3792269229888916
334,balanced,2,10,10,0.031415926535897934,10,0.5,0.004764699935913086,0.9201995730400085
335,balanced,2,10,10,0.031415926535897934,10,0.75,0.004491376876831055,1.3792269229888916
336,balanced,2,10,10,0.031415926535897934,20,0.25,0.004544365406036377,1.10719895362854
337,balanced,2,10,10,0.031415926535897934,20,0.5,0.004580640792846679,1.1353654861450195
338,balanced,2,10,10,0.031415926535897934,20,0.75,0.005455338954925537,1.0098401308059692
339,balanced,2,10,10,0.031415926535897934,50,0.25,0.006664247512817383,1.3792269229888916
340,balanced,2,10,10,0.031415926535897934,50,0.5,0.007224225997924804,0.9315887689590454
341,balanced,2,10,10,0.031415926535897934,50,0.75,0.005835199356079101,1.3792269229888916
342,balanced,2,10,10,0.15707963267948966,10,0.25,0.005496311187744141,1.3792269229888916
343,balanced,2,10,10,0.15707963267948966,10,0.5,0.005405020713806152,1.225663185119629
344,balanced,2,10,10,0.15707963267948966,10,0.75,0.005422568321228028,1.3792269229888916
345,balanced,2,10,10,0.15707963267948966,20,0.25,0.005191624164581299,0.9833685159683228
346,balanced,2,10,10,0.15707963267948966,20,0.5,0.0045912742614746095,0.9102045893669128
347,balanced,2,10,10,0.15707963267948966,20,0.75,0.004304754734039307,0.9479745030403137
348,balanced,2,10,10,0.15707963267948966,50,0.25,0.029326930046081542,1.3792269229888916
349,balanced,2,10,10,0.15707963267948966,50,0.5,0.006642270088195801,0.9686878323554993
350,balanced,2,10,10,0.15707963267948966,50,0.75,0.010035228729248048,1.3792269229888916
351,balanced,5,10,10,0.007853981633974483,10,0.25,0.010822653770446777,1.3792269229888916
352,balanced,5,10,10,0.007853981633974483,10,0.5,0.010874223709106446,1.2759031057357788
353,balanced,5,10,10,0.007853981633974483,10,0.75,0.011269760131835938,1.3792269229888916
354,balanced,5,10,10,0.007853981633974483,20,0.25,0.010768961906433106,0.9638010263442993
355,balanced,5,10,10,0.007853981633974483,20,0.5,0.0108056902885437,0.9159978628158569
356,balanced,5,10,10,0.007853981633974483,20,0.75,0.011730003356933593,1.1011101007461548
357,balanced,5,10,10,0.007853981633974483,50,0.25,0.010945672988891602,1.3792269229888916
358,balanced,5,10,10,0.007853981633974483,50,0.5,0.013609328269958497,1.0832775831222534
359,balanced,5,10,10,0.007853981633974483,50,0.75,0.011276178359985352,1.3792269229888916
360,balanced,5,10,10,0.031415926535897934,10,0.25,0.010672521591186524,1.3792269229888916
361,balanced,5,10,10,0.031415926535897934,10,0.5,0.01072547435760498,1.095210313796997
362,balanced,5,10,10,0.031415926535897934,10,0.75,0.01029953956604004,1.3792269229888916
363,balanced,5,10,10,0.031415926535897934,20,0.25,0.01089709997177124,1.0222477912902832
364,balanced,5,10,10,0.031415926535897934,20,0.5,0.010218930244445801,1.0640331506729126
365,balanced,5,10,10,0.031415926535897934,20,0.75,0.010223937034606934,1.1942800283432007
366,balanced,5,10,10,0.031415926535897934,50,0.25,0.010275845527648925,1.3792269229888916
367,balanced,5,10,10,0.031415926535897934,50,0.5,0.012087454795837402,1.1130423545837402
368,balanced,5,10,10,0.031415926535897934,50,0.75,0.011247477531433105,1.3792269229888916
369,balanced,5,10,10,0.15707963267948966,10,0.25,0.009524154663085937,1.3792269229888916
370,balanced,5,10,10,0.15707963267948966,10,0.5,0.010714578628540038,1.0844495296478271
371,balanced,5,10,10,0.15707963267948966,10,0.75,0.01127328872680664,1.3792269229888916
372,balanced,5,10,10,0.15707963267948966,20,0.25,0.010655391216278075,1.0137275457382202
373,balanced,5,10,10,0.15707963267948966,20,0.5,0.010619652271270753,1.0718698501586914
374,balanced,5,10,10,0.15707963267948966,20,0.75,0.010589277744293213,1.1008021831512451
375,balanced,5,10,10,0.15707963267948966,50,0.25,0.09026800155639648,1.3792269229888916
376,balanced,5,10,10,0.15707963267948966,50,0.5,0.013296151161193847,0.9809737205505371
377,balanced,5,10,10,0.15707963267948966,50,0.75,0.0704094123840332,1.3792269229888916
378,balanced,10,10,10,0.007853981633974483,10,0.25,0.019253802299499512,1.3792269229888916
379,balanced,10,10,10,0.007853981633974483,10,0.5,0.01845417022705078,0.9169492125511169
380,balanced,10,10,10,0.007853981633974483,10,0.75,0.018849515914916994,1.3792269229888916
381,balanced,10,10,10,0.007853981633974483,20,0.25,0.019100666046142578,1.1355621814727783
382,balanced,10,10,10,0.007853981633974483,20,0.5,0.020196640491485597,1.0378175973892212
383,balanced,10,10,10,0.007853981633974483,20,0.75,0.020331943035125734,1.1151336431503296
384,balanced,10,10,10,0.007853981633974483,50,0.25,0.02092300891876221,1.3792269229888916
385,balanced,10,10,10,0.007853981633974483,50,0.5,0.020064144134521483,0.9933141469955444
386,balanced,10,10,10,0.007853981633974483,50,0.75,0.018851003646850585,1.3792269229888916
387,balanced,10,10,10,0.031415926535897934,10,0.25,0.01823265552520752,1.3792269229888916
388,balanced,10,10,10,0.031415926535897934,10,0.5,0.018871641159057616,1.202906608581543
389,balanced,10,10,10,0.031415926535897934,10,0.75,0.0192812442779541,1.3792269229888916
390,balanced,10,10,10,0.031415926535897934,20,0.25,0.01843438148498535,1.0019441843032837
391,balanced,10,10,10,0.031415926535897934,20,0.5,0.018798327445983885,0.9988128542900085
392,balanced,10,10,10,0.031415926535897934,20,0.75,0.021442890167236328,1.0991570949554443
393,balanced,10,10,10,0.031415926535897934,50,0.25,0.02097534656524658,1.3792269229888916
394,balanced,10,10,10,0.031415926535897934,50,0.5,0.020712976455688478,1.0728996992111206
395,balanced,10,10,10,0.031415926535897934,50,0.75,0.02040499210357666,1.3792269229888916
396,balanced,10,10,10,0.15707963267948966,10,0.25,0.020197749137878418,1.3792269229888916
397,balanced,10,10,10,0.15707963267948966,10,0.5,0.021041131019592284,0.919375479221344
398,balanced,10,10,10,0.15707963267948966,10,0.75,0.019901108741760255,1.3792269229888916
399,balanced,10,10,10,0.15707963267948966,20,0.25,0.02014918327331543,1.0668561458587646
400,balanced,10,10,10,0.15707963267948966,20,0.5,0.022909533977508546,1.1090625524520874
401,balanced,10,10,10,0.15707963267948966,20,0.75,0.023833763599395753,1.1835236549377441
402,balanced,10,10,10,0.15707963267948966,50,0.25,0.05803932189941406,1.3792269229888916
403,balanced,10,10,10,0.15707963267948966,50,0.5,0.06910244464874267,1.116460919380188
404,balanced,10,10,10,0.15707963267948966,50,0.75,0.22273105144500732,1.3792269229888916
